step,pars
0,0.5681818181818181
1,0.32352941176470584
2,0.19999999999999996
3,0.1428571428571429
4,0.07692307692307687
5,0.0
